-- phpMyAdmin SQL Dump
-- version 4.6.5.2
-- https://www.phpmyadmin.net/
--
-- Client :  localhost:8889
-- Généré le :  Sam 02 Septembre 2017 à 15:15
-- Version du serveur :  5.6.35
-- Version de PHP :  7.0.15

SET SQL_MODE = "NO_AUTO_VALUE_ON_ZERO";
SET time_zone = "+00:00";

--
-- Base de données :  `mydb`
--
CREATE DATABASE IF NOT EXISTS `mydb` DEFAULT CHARACTER SET utf8 COLLATE utf8_bin;
USE `mydb`;

-- --------------------------------------------------------

--
-- Doublure de structure pour la vue `colles_classe`
-- (Voir ci-dessous la vue réelle)
--
DROP VIEW IF EXISTS `colles_classe`;
CREATE TABLE IF NOT EXISTS `colles_classe` (
`Eleve` int(11) unsigned
,`Nom` varchar(45)
,`Prenom` varchar(45)
,`Groupe` varchar(2)
,`Groupement` int(11) unsigned
,`idColloscope` int(11) unsigned
);

-- --------------------------------------------------------

--
-- Structure de la table `Colles_Colle`
--

DROP TABLE IF EXISTS `Colles_Colle`;
CREATE TABLE IF NOT EXISTS `Colles_Colle` (
  `id_colle` int(11) UNSIGNED NOT NULL,
  `idColloscope` int(11) UNSIGNED NOT NULL,
  `Semaine` int(11) UNSIGNED NOT NULL,
  `Crenau` int(11) UNSIGNED NOT NULL,
  `Groupe` varchar(2) COLLATE utf8_bin NOT NULL,
  `Ligne` varchar(5) COLLATE utf8_bin DEFAULT NULL,
  `Colonne` varchar(5) COLLATE utf8_bin DEFAULT NULL,
  `DerniereModification` timestamp NOT NULL DEFAULT CURRENT_TIMESTAMP ON UPDATE CURRENT_TIMESTAMP,
  PRIMARY KEY (`id_colle`),
  KEY `fk_Colle_Crenau_idx` (`Crenau`),
  KEY `fk_Colle_Semaine_idx` (`Semaine`)
) ENGINE=InnoDB DEFAULT CHARSET=utf8 COLLATE=utf8_bin;

--
-- Contenu de la table `Colles_Colle`
--

INSERT INTO `Colles_Colle` (`id_colle`, `idColloscope`, `Semaine`, `Crenau`, `Groupe`, `Ligne`, `Colonne`, `DerniereModification`) VALUES
(1404, 2, 220, 429, 'a', NULL, NULL, '2017-08-16 09:32:29'),
(1405, 2, 222, 429, 'b', NULL, NULL, '2017-08-16 09:32:29'),
(1406, 2, 224, 429, 'c', NULL, NULL, '2017-08-16 09:32:29'),
(1407, 2, 226, 429, 'd', NULL, NULL, '2017-08-16 09:32:29'),
(1408, 2, 228, 429, 'e', NULL, NULL, '2017-08-16 09:32:29'),
(1409, 2, 230, 429, 'f', NULL, NULL, '2017-08-16 09:32:29'),
(1410, 2, 219, 430, '1', NULL, NULL, '2017-08-16 09:32:29'),
(1411, 2, 220, 430, 'e', NULL, NULL, '2017-08-16 09:32:29'),
(1412, 2, 221, 430, '2', NULL, NULL, '2017-08-16 09:32:29'),
(1413, 2, 222, 430, 'f', NULL, NULL, '2017-08-16 09:32:29'),
(1414, 2, 223, 430, '3', NULL, NULL, '2017-08-16 09:32:29'),
(1415, 2, 224, 430, 'a', NULL, NULL, '2017-08-16 09:32:29'),
(1416, 2, 225, 430, '4', NULL, NULL, '2017-08-16 09:32:29'),
(1417, 2, 226, 430, 'b', NULL, NULL, '2017-08-16 09:32:29'),
(1418, 2, 227, 430, '5', NULL, NULL, '2017-08-16 09:32:29'),
(1419, 2, 228, 430, 'c', NULL, NULL, '2017-08-16 09:32:29'),
(1420, 2, 230, 430, 'd', NULL, NULL, '2017-08-16 09:32:29'),
(1421, 2, 220, 431, 'b', NULL, NULL, '2017-08-16 09:32:29'),
(1422, 2, 222, 431, 'c', NULL, NULL, '2017-08-16 09:32:29'),
(1423, 2, 224, 431, 'd', NULL, NULL, '2017-08-16 09:32:29'),
(1424, 2, 226, 431, 'e', NULL, NULL, '2017-08-16 09:32:29'),
(1425, 2, 228, 431, 'f', NULL, NULL, '2017-08-16 09:32:29'),
(1426, 2, 230, 431, 'a', NULL, NULL, '2017-08-16 09:32:29'),
(1427, 2, 219, 432, '2', NULL, NULL, '2017-08-16 09:32:29'),
(1428, 2, 220, 432, 'f', NULL, NULL, '2017-08-16 09:32:29'),
(1429, 2, 221, 432, '3', NULL, NULL, '2017-08-16 09:32:29'),
(1430, 2, 222, 432, 'a', NULL, NULL, '2017-08-16 09:32:29'),
(1431, 2, 223, 432, '4', NULL, NULL, '2017-08-16 09:32:29'),
(1432, 2, 224, 432, 'b', NULL, NULL, '2017-08-16 09:32:29'),
(1433, 2, 225, 432, '5', NULL, NULL, '2017-08-16 09:32:29'),
(1434, 2, 226, 432, 'c', NULL, NULL, '2017-08-16 09:32:29'),
(1435, 2, 228, 432, 'd', NULL, NULL, '2017-08-16 09:32:29'),
(1436, 2, 229, 432, '1', NULL, NULL, '2017-08-16 09:32:29'),
(1437, 2, 230, 432, 'e', NULL, NULL, '2017-08-16 09:32:29'),
(1438, 2, 219, 433, 'b', NULL, NULL, '2017-08-16 09:32:29'),
(1439, 2, 220, 433, '2', NULL, NULL, '2017-08-16 09:32:29'),
(1440, 2, 221, 433, 'c', NULL, NULL, '2017-08-16 09:32:29'),
(1441, 2, 222, 433, '3', NULL, NULL, '2017-08-16 09:32:29'),
(1442, 2, 223, 433, 'd', NULL, NULL, '2017-08-16 09:32:29'),
(1443, 2, 224, 433, '4', NULL, NULL, '2017-08-16 09:32:29'),
(1444, 2, 225, 433, 'e', NULL, NULL, '2017-08-16 09:32:29'),
(1445, 2, 226, 433, '5', NULL, NULL, '2017-08-16 09:32:29'),
(1446, 2, 227, 433, 'b', NULL, NULL, '2017-08-16 09:32:29'),
(1447, 2, 228, 433, '2', NULL, NULL, '2017-08-16 09:32:29'),
(1448, 2, 229, 433, 'c', NULL, NULL, '2017-08-16 09:32:29'),
(1449, 2, 230, 433, '3', NULL, NULL, '2017-08-16 09:32:29'),
(1450, 2, 219, 434, 'a', NULL, NULL, '2017-08-16 09:32:29'),
(1451, 2, 220, 434, '1', NULL, NULL, '2017-08-16 09:32:29'),
(1452, 2, 221, 434, 'b', NULL, NULL, '2017-08-16 09:32:29'),
(1453, 2, 222, 434, '2', NULL, NULL, '2017-08-16 09:32:29'),
(1454, 2, 223, 434, 'c', NULL, NULL, '2017-08-16 09:32:29'),
(1455, 2, 224, 434, '3', NULL, NULL, '2017-08-16 09:32:29'),
(1456, 2, 225, 434, 'd', NULL, NULL, '2017-08-16 09:32:29'),
(1457, 2, 226, 434, '4', NULL, NULL, '2017-08-16 09:32:29'),
(1458, 2, 227, 434, 'e', NULL, NULL, '2017-08-16 09:32:29'),
(1459, 2, 228, 434, '5', NULL, NULL, '2017-08-16 09:32:29'),
(1460, 2, 229, 434, 'f', NULL, NULL, '2017-08-16 09:32:29'),
(1461, 2, 219, 435, 'f', NULL, NULL, '2017-08-16 09:32:29'),
(1462, 2, 221, 435, 'a', NULL, NULL, '2017-08-16 09:32:29'),
(1463, 2, 222, 435, '1', NULL, NULL, '2017-08-16 09:32:29'),
(1464, 2, 223, 435, 'b', NULL, NULL, '2017-08-16 09:32:29'),
(1465, 2, 224, 435, '2', NULL, NULL, '2017-08-16 09:32:29'),
(1466, 2, 225, 435, 'c', NULL, NULL, '2017-08-16 09:32:29'),
(1467, 2, 226, 435, '3', NULL, NULL, '2017-08-16 09:32:29'),
(1468, 2, 227, 435, 'd', NULL, NULL, '2017-08-16 09:32:29'),
(1469, 2, 228, 435, '4', NULL, NULL, '2017-08-16 09:32:29'),
(1470, 2, 229, 435, 'e', NULL, NULL, '2017-08-16 09:32:29'),
(1471, 2, 230, 435, '5', NULL, NULL, '2017-08-16 09:32:29'),
(1472, 2, 219, 436, 'e', NULL, NULL, '2017-08-16 09:32:29'),
(1473, 2, 220, 436, '5', NULL, NULL, '2017-08-16 09:32:29'),
(1474, 2, 221, 436, 'f', NULL, NULL, '2017-08-16 09:32:29'),
(1475, 2, 223, 436, 'a', NULL, NULL, '2017-08-16 09:32:29'),
(1476, 2, 224, 436, '1', NULL, NULL, '2017-08-16 09:32:29'),
(1477, 2, 225, 436, 'b', NULL, NULL, '2017-08-16 09:32:29'),
(1478, 2, 226, 436, '2', NULL, NULL, '2017-08-16 09:32:29'),
(1479, 2, 227, 436, 'c', NULL, NULL, '2017-08-16 09:32:29'),
(1480, 2, 228, 436, '3', NULL, NULL, '2017-08-16 09:32:29'),
(1481, 2, 229, 436, 'd', NULL, NULL, '2017-08-16 09:32:29'),
(1482, 2, 230, 436, '4', NULL, NULL, '2017-08-16 09:32:29'),
(1483, 2, 219, 437, 'c', NULL, NULL, '2017-08-16 09:32:29'),
(1484, 2, 220, 437, '3', NULL, NULL, '2017-08-16 09:32:29'),
(1485, 2, 221, 437, 'd', NULL, NULL, '2017-08-16 09:32:29'),
(1486, 2, 222, 437, '4', NULL, NULL, '2017-08-16 09:32:29'),
(1487, 2, 223, 437, 'e', NULL, NULL, '2017-08-16 09:32:29'),
(1488, 2, 224, 437, '5', NULL, NULL, '2017-08-16 09:32:29'),
(1489, 2, 225, 437, 'd', NULL, NULL, '2017-08-16 09:32:29'),
(1490, 2, 226, 437, '4', NULL, NULL, '2017-08-16 09:32:29'),
(1491, 2, 227, 437, 'e', NULL, NULL, '2017-08-16 09:32:29'),
(1492, 2, 228, 437, '5', NULL, NULL, '2017-08-16 09:32:29'),
(1493, 2, 229, 437, 'b', NULL, NULL, '2017-08-16 09:32:29'),
(1494, 2, 230, 437, '2', NULL, NULL, '2017-08-16 09:32:29'),
(1495, 2, 219, 438, 'd', NULL, NULL, '2017-08-16 09:32:29'),
(1496, 2, 220, 438, '4', NULL, NULL, '2017-08-16 09:32:29'),
(1497, 2, 221, 438, 'e', NULL, NULL, '2017-08-16 09:32:29'),
(1498, 2, 222, 438, '5', NULL, NULL, '2017-08-16 09:32:29'),
(1499, 2, 223, 438, 'b', NULL, NULL, '2017-08-16 09:32:29'),
(1500, 2, 224, 438, '2', NULL, NULL, '2017-08-16 09:32:29'),
(1501, 2, 225, 438, 'c', NULL, NULL, '2017-08-16 09:32:29'),
(1502, 2, 226, 438, '3', NULL, NULL, '2017-08-16 09:32:29'),
(1503, 2, 227, 438, 'd', NULL, NULL, '2017-08-16 09:32:29'),
(1504, 2, 228, 438, '4', NULL, NULL, '2017-08-16 09:32:29'),
(1505, 2, 229, 438, 'e', NULL, NULL, '2017-08-16 09:32:29'),
(1506, 2, 230, 438, '5', NULL, NULL, '2017-08-16 09:32:29'),
(1507, 2, 219, 439, 'a', NULL, NULL, '2017-08-16 09:32:29'),
(1508, 2, 221, 439, 'a', NULL, NULL, '2017-08-16 09:32:29'),
(1509, 2, 223, 439, 'a', NULL, NULL, '2017-08-16 09:32:29'),
(1510, 2, 225, 439, 'a', NULL, NULL, '2017-08-16 09:32:29'),
(1511, 2, 227, 439, 'a', NULL, NULL, '2017-08-16 09:32:29'),
(1512, 2, 229, 439, 'a', NULL, NULL, '2017-08-16 09:32:29'),
(1513, 2, 219, 440, '1', NULL, NULL, '2017-08-16 09:32:29'),
(1514, 2, 221, 440, '2', NULL, NULL, '2017-08-16 09:32:29'),
(1515, 2, 223, 440, '3', NULL, NULL, '2017-08-16 09:32:29'),
(1516, 2, 225, 440, '4', NULL, NULL, '2017-08-16 09:32:29'),
(1517, 2, 227, 440, '5', NULL, NULL, '2017-08-16 09:32:29'),
(1518, 2, 229, 440, '1', NULL, NULL, '2017-08-16 09:32:29'),
(1519, 2, 219, 441, '4', NULL, NULL, '2017-08-16 09:32:29'),
(1520, 2, 220, 441, 'd', NULL, NULL, '2017-08-16 09:32:29'),
(1521, 2, 221, 441, '5', NULL, NULL, '2017-08-16 09:32:29'),
(1522, 2, 222, 441, 'e', NULL, NULL, '2017-08-16 09:32:29'),
(1523, 2, 224, 441, 'f', NULL, NULL, '2017-08-16 09:32:29'),
(1524, 2, 225, 441, '1', NULL, NULL, '2017-08-16 09:32:29'),
(1525, 2, 226, 441, 'a', NULL, NULL, '2017-08-16 09:32:29'),
(1526, 2, 227, 441, '2', NULL, NULL, '2017-08-16 09:32:29'),
(1527, 2, 228, 441, 'b', NULL, NULL, '2017-08-16 09:32:29'),
(1528, 2, 229, 441, '3', NULL, NULL, '2017-08-16 09:32:29'),
(1529, 2, 230, 441, 'c', NULL, NULL, '2017-08-16 09:32:29'),
(1530, 2, 219, 442, '3', NULL, NULL, '2017-08-16 09:32:29'),
(1531, 2, 220, 442, 'c', NULL, NULL, '2017-08-16 09:32:29'),
(1532, 2, 221, 442, '4', NULL, NULL, '2017-08-16 09:32:29'),
(1533, 2, 222, 442, 'd', NULL, NULL, '2017-08-16 09:32:29'),
(1534, 2, 223, 442, '5', NULL, NULL, '2017-08-16 09:32:29'),
(1535, 2, 224, 442, 'e', NULL, NULL, '2017-08-16 09:32:29'),
(1536, 2, 226, 442, 'f', NULL, NULL, '2017-08-16 09:32:29'),
(1537, 2, 227, 442, '1', NULL, NULL, '2017-08-16 09:32:29'),
(1538, 2, 228, 442, 'f', NULL, NULL, '2017-08-16 09:32:29'),
(1539, 2, 229, 442, '2', NULL, NULL, '2017-08-16 09:32:29'),
(1540, 2, 230, 442, 'f', NULL, NULL, '2017-08-16 09:32:29'),
(1541, 2, 219, 443, 'b', NULL, NULL, '2017-08-16 09:32:29'),
(1542, 2, 220, 443, '2', NULL, NULL, '2017-08-16 09:32:29'),
(1543, 2, 221, 443, 'c', NULL, NULL, '2017-08-16 09:32:29'),
(1544, 2, 222, 443, '3', NULL, NULL, '2017-08-16 09:32:29'),
(1545, 2, 223, 443, 'd', NULL, NULL, '2017-08-16 09:32:29'),
(1546, 2, 224, 443, '4', NULL, NULL, '2017-08-16 09:32:29'),
(1547, 2, 225, 443, 'e', NULL, NULL, '2017-08-16 09:32:29'),
(1548, 2, 226, 443, '5', NULL, NULL, '2017-08-16 09:32:29'),
(1549, 2, 227, 443, 'f', NULL, NULL, '2017-08-16 09:32:29'),
(1550, 2, 229, 443, 'b', NULL, NULL, '2017-08-16 09:32:29'),
(1551, 2, 230, 443, '1', NULL, NULL, '2017-08-16 09:32:29'),
(1552, 2, 219, 444, '5', NULL, NULL, '2017-08-16 09:32:29'),
(1553, 2, 220, 444, 'e', NULL, NULL, '2017-08-16 09:32:29'),
(1554, 2, 222, 444, 'f', NULL, NULL, '2017-08-16 09:32:29'),
(1555, 2, 223, 444, '1', NULL, NULL, '2017-08-16 09:32:29'),
(1556, 2, 224, 444, 'a', NULL, NULL, '2017-08-16 09:32:29'),
(1557, 2, 225, 444, '2', NULL, NULL, '2017-08-16 09:32:29'),
(1558, 2, 226, 444, 'b', NULL, NULL, '2017-08-16 09:32:29'),
(1559, 2, 227, 444, '3', NULL, NULL, '2017-08-16 09:32:29'),
(1560, 2, 228, 444, 'c', NULL, NULL, '2017-08-16 09:32:29'),
(1561, 2, 229, 444, '4', NULL, NULL, '2017-08-16 09:32:29'),
(1562, 2, 230, 444, 'd', NULL, NULL, '2017-08-16 09:32:29'),
(1563, 2, 219, 445, '2', NULL, NULL, '2017-08-16 09:32:29'),
(1564, 2, 221, 445, '3', NULL, NULL, '2017-08-16 09:32:29'),
(1565, 2, 223, 445, '4', NULL, NULL, '2017-08-16 09:32:29'),
(1566, 2, 225, 445, '5', NULL, NULL, '2017-08-16 09:32:29'),
(1567, 2, 227, 445, '4', NULL, NULL, '2017-08-16 09:32:29'),
(1568, 2, 229, 445, '5', NULL, NULL, '2017-08-16 09:32:29'),
(1569, 2, 219, 446, '3', NULL, NULL, '2017-08-16 09:32:29'),
(1570, 2, 220, 446, 'c', NULL, NULL, '2017-08-16 09:32:29'),
(1571, 2, 221, 446, '4', NULL, NULL, '2017-08-16 09:32:29'),
(1572, 2, 222, 446, 'd', NULL, NULL, '2017-08-16 09:32:29'),
(1573, 2, 223, 446, '5', NULL, NULL, '2017-08-16 09:32:29'),
(1574, 2, 224, 446, 'e', NULL, NULL, '2017-08-16 09:32:29'),
(1575, 2, 225, 446, '3', NULL, NULL, '2017-08-16 09:32:29'),
(1576, 2, 226, 446, 'f', NULL, NULL, '2017-08-16 09:32:29'),
(1577, 2, 227, 446, '1', NULL, NULL, '2017-08-16 09:32:29'),
(1578, 2, 228, 446, 'a', NULL, NULL, '2017-08-16 09:32:29'),
(1579, 2, 229, 446, '2', NULL, NULL, '2017-08-16 09:32:29'),
(1580, 2, 230, 446, 'b', NULL, NULL, '2017-08-16 09:32:29'),
(1581, 2, 219, 447, 'c', NULL, NULL, '2017-08-16 09:32:29'),
(1582, 2, 220, 447, '3', NULL, NULL, '2017-08-16 09:32:29'),
(1583, 2, 221, 447, 'd', NULL, NULL, '2017-08-16 09:32:29'),
(1584, 2, 222, 447, '4', NULL, NULL, '2017-08-16 09:32:29'),
(1585, 2, 223, 447, 'e', NULL, NULL, '2017-08-16 09:32:29'),
(1586, 2, 224, 447, '5', NULL, NULL, '2017-08-16 09:32:29'),
(1587, 2, 225, 447, 'f', NULL, NULL, '2017-08-16 09:32:29'),
(1588, 2, 227, 447, 'a', NULL, NULL, '2017-08-16 09:32:29'),
(1589, 2, 228, 447, '2', NULL, NULL, '2017-08-16 09:32:29'),
(1590, 2, 229, 447, 'a', NULL, NULL, '2017-08-16 09:32:29'),
(1591, 2, 230, 447, '3', NULL, NULL, '2017-08-16 09:32:29'),
(1592, 2, 220, 448, '1', NULL, NULL, '2017-08-16 09:32:29'),
(1593, 2, 222, 448, '1', NULL, NULL, '2017-08-16 09:32:29'),
(1594, 2, 224, 448, '1', NULL, NULL, '2017-08-16 09:32:29'),
(1595, 2, 226, 448, '1', NULL, NULL, '2017-08-16 09:32:29'),
(1596, 2, 228, 448, '1', NULL, NULL, '2017-08-16 09:32:29'),
(1597, 2, 230, 448, '1', NULL, NULL, '2017-08-16 09:32:29'),
(1598, 2, 219, 449, '4', NULL, NULL, '2017-08-16 09:32:29'),
(1599, 2, 220, 449, 'd', NULL, NULL, '2017-08-16 09:32:29'),
(1600, 2, 221, 449, '5', NULL, NULL, '2017-08-16 09:32:29'),
(1601, 2, 222, 449, 'e', NULL, NULL, '2017-08-16 09:32:29'),
(1602, 2, 223, 449, '2', NULL, NULL, '2017-08-16 09:32:29'),
(1603, 2, 224, 449, 'f', NULL, NULL, '2017-08-16 09:32:29'),
(1604, 2, 225, 449, '1', NULL, NULL, '2017-08-16 09:32:29'),
(1605, 2, 226, 449, 'a', NULL, NULL, '2017-08-16 09:32:29'),
(1606, 2, 227, 449, '2', NULL, NULL, '2017-08-16 09:32:29'),
(1607, 2, 228, 449, 'b', NULL, NULL, '2017-08-16 09:32:29'),
(1608, 2, 229, 449, '3', NULL, NULL, '2017-08-16 09:32:29'),
(1609, 2, 230, 449, 'c', NULL, NULL, '2017-08-16 09:32:29'),
(1610, 2, 219, 450, '5', NULL, NULL, '2017-08-16 09:32:29'),
(1611, 2, 220, 450, 'e', NULL, NULL, '2017-08-16 09:32:29'),
(1612, 2, 221, 450, '1', NULL, NULL, '2017-08-16 09:32:29'),
(1613, 2, 222, 450, 'f', NULL, NULL, '2017-08-16 09:32:29'),
(1614, 2, 223, 450, '1', NULL, NULL, '2017-08-16 09:32:29'),
(1615, 2, 224, 450, 'a', NULL, NULL, '2017-08-16 09:32:29'),
(1616, 2, 225, 450, '2', NULL, NULL, '2017-08-16 09:32:29'),
(1617, 2, 226, 450, 'b', NULL, NULL, '2017-08-16 09:32:29'),
(1618, 2, 227, 450, '3', NULL, NULL, '2017-08-16 09:32:29'),
(1619, 2, 228, 450, 'c', NULL, NULL, '2017-08-16 09:32:29'),
(1620, 2, 229, 450, '4', NULL, NULL, '2017-08-16 09:32:29'),
(1621, 2, 230, 450, 'd', NULL, NULL, '2017-08-16 09:32:29'),
(1622, 2, 219, 451, '5', NULL, NULL, '2017-08-16 09:32:29'),
(1623, 2, 220, 451, 'a', NULL, NULL, '2017-08-16 09:32:29'),
(1624, 2, 222, 451, 'b', NULL, NULL, '2017-08-16 09:32:29'),
(1625, 2, 223, 451, '1', NULL, NULL, '2017-08-16 09:32:29'),
(1626, 2, 224, 451, 'c', NULL, NULL, '2017-08-16 09:32:29'),
(1627, 2, 225, 451, '2', NULL, NULL, '2017-08-16 09:32:29'),
(1628, 2, 226, 451, 'd', NULL, NULL, '2017-08-16 09:32:29'),
(1629, 2, 227, 451, '3', NULL, NULL, '2017-08-16 09:32:29'),
(1630, 2, 228, 451, 'e', NULL, NULL, '2017-08-16 09:32:29'),
(1631, 2, 229, 451, '4', NULL, NULL, '2017-08-16 09:32:29'),
(1632, 2, 230, 451, 'b', NULL, NULL, '2017-08-16 09:32:29'),
(1633, 2, 220, 452, 'b', NULL, NULL, '2017-08-16 09:32:29'),
(1634, 2, 221, 452, '1', NULL, NULL, '2017-08-16 09:32:29'),
(1635, 2, 222, 452, 'c', NULL, NULL, '2017-08-16 09:32:29'),
(1636, 2, 223, 452, '2', NULL, NULL, '2017-08-16 09:32:29'),
(1637, 2, 224, 452, 'd', NULL, NULL, '2017-08-16 09:32:29'),
(1638, 2, 225, 452, '3', NULL, NULL, '2017-08-16 09:32:29'),
(1639, 2, 226, 452, 'e', NULL, NULL, '2017-08-16 09:32:29'),
(1640, 2, 227, 452, '4', NULL, NULL, '2017-08-16 09:32:29'),
(1641, 2, 228, 452, 'a', NULL, NULL, '2017-08-16 09:32:29'),
(1642, 2, 229, 452, '5', NULL, NULL, '2017-08-16 09:32:29'),
(1643, 2, 230, 452, 'a', NULL, NULL, '2017-08-16 09:32:29'),
(1644, 2, 219, 453, 'd', NULL, NULL, '2017-08-16 09:32:29'),
(1645, 2, 220, 453, '4', NULL, NULL, '2017-08-16 09:32:29'),
(1646, 2, 221, 453, 'e', NULL, NULL, '2017-08-16 09:32:29'),
(1647, 2, 222, 453, '5', NULL, NULL, '2017-08-16 09:32:29'),
(1648, 2, 223, 453, 'f', NULL, NULL, '2017-08-16 09:32:29'),
(1649, 2, 225, 453, 'a', NULL, NULL, '2017-08-16 09:32:29'),
(1650, 2, 226, 453, '1', NULL, NULL, '2017-08-16 09:32:29'),
(1651, 2, 227, 453, 'b', NULL, NULL, '2017-08-16 09:32:29'),
(1652, 2, 228, 453, '1', NULL, NULL, '2017-08-16 09:32:29'),
(1653, 2, 229, 453, 'c', NULL, NULL, '2017-08-16 09:32:29'),
(1654, 2, 230, 453, '2', NULL, NULL, '2017-08-16 09:32:29'),
(1655, 2, 219, 454, 'e', NULL, NULL, '2017-08-16 09:32:29'),
(1656, 2, 220, 454, '5', NULL, NULL, '2017-08-16 09:32:29'),
(1657, 2, 221, 454, 'b', NULL, NULL, '2017-08-16 09:32:29'),
(1658, 2, 222, 454, '2', NULL, NULL, '2017-08-16 09:32:29'),
(1659, 2, 223, 454, 'c', NULL, NULL, '2017-08-16 09:32:29'),
(1660, 2, 224, 454, '3', NULL, NULL, '2017-08-16 09:32:29'),
(1661, 2, 225, 454, 'b', NULL, NULL, '2017-08-16 09:32:29'),
(1662, 2, 226, 454, '2', NULL, NULL, '2017-08-16 09:32:29'),
(1663, 2, 227, 454, 'c', NULL, NULL, '2017-08-16 09:32:29'),
(1664, 2, 228, 454, '3', NULL, NULL, '2017-08-16 09:32:29'),
(1665, 2, 229, 454, 'd', NULL, NULL, '2017-08-16 09:32:29'),
(1666, 2, 230, 454, '4', NULL, NULL, '2017-08-16 09:32:29'),
(1667, 2, 220, 455, 'f', NULL, NULL, '2017-08-16 09:32:29'),
(1668, 2, 222, 455, 'a', NULL, NULL, '2017-08-16 09:32:29'),
(1669, 2, 224, 455, 'b', NULL, NULL, '2017-08-16 09:32:29'),
(1670, 2, 226, 455, 'c', NULL, NULL, '2017-08-16 09:32:29'),
(1671, 2, 228, 455, 'd', NULL, NULL, '2017-08-16 09:32:29'),
(1672, 2, 230, 455, 'e', NULL, NULL, '2017-08-16 09:32:29'),
(1673, 3, 219, 456, '1', NULL, NULL, '2017-08-18 16:26:52'),
(1674, 3, 220, 456, '2', NULL, NULL, '2017-08-18 16:26:52'),
(1675, 3, 221, 456, '3', NULL, NULL, '2017-08-18 16:26:52'),
(1676, 3, 222, 456, '4', NULL, NULL, '2017-08-18 16:26:52'),
(1677, 3, 219, 457, '3', NULL, NULL, '2017-08-18 16:26:52'),
(1678, 3, 220, 457, '4', NULL, NULL, '2017-08-18 16:26:52'),
(1679, 3, 221, 457, '5', NULL, NULL, '2017-08-18 16:26:52'),
(1680, 3, 222, 457, '6', NULL, NULL, '2017-08-18 16:26:52'),
(1681, 3, 219, 458, '2', NULL, NULL, '2017-08-18 16:26:52'),
(1682, 3, 220, 458, '3', NULL, NULL, '2017-08-18 16:26:52'),
(1683, 3, 221, 458, '4', NULL, NULL, '2017-08-18 16:26:52'),
(1684, 3, 222, 458, '5', NULL, NULL, '2017-08-18 16:26:52'),
(1685, 3, 219, 459, '4', NULL, NULL, '2017-08-18 16:26:52'),
(1686, 3, 220, 459, '5', NULL, NULL, '2017-08-18 16:26:52'),
(1687, 3, 221, 459, '6', NULL, NULL, '2017-08-18 16:26:52'),
(1688, 3, 222, 459, '1', NULL, NULL, '2017-08-18 16:26:52'),
(1689, 3, 219, 460, '2', NULL, NULL, '2017-08-18 16:26:52'),
(1690, 3, 220, 460, '3', NULL, NULL, '2017-08-18 16:26:52'),
(1691, 3, 221, 460, '4', NULL, NULL, '2017-08-18 16:26:52'),
(1692, 3, 222, 460, '5', NULL, NULL, '2017-08-18 16:26:52'),
(1693, 3, 219, 461, '1', NULL, NULL, '2017-08-18 16:26:52'),
(1694, 3, 220, 461, '2', NULL, NULL, '2017-08-18 16:26:52'),
(1695, 3, 221, 461, '3', NULL, NULL, '2017-08-18 16:26:52'),
(1696, 3, 222, 461, '4', NULL, NULL, '2017-08-18 16:26:52'),
(1697, 3, 219, 462, '3', NULL, NULL, '2017-08-18 16:26:52'),
(1698, 3, 220, 462, '4', NULL, NULL, '2017-08-18 16:26:52'),
(1699, 3, 221, 462, '5', NULL, NULL, '2017-08-18 16:26:52'),
(1700, 3, 222, 462, '6', NULL, NULL, '2017-08-18 16:26:52'),
(1701, 3, 219, 463, '4', NULL, NULL, '2017-08-18 16:26:52'),
(1702, 3, 220, 463, '5', NULL, NULL, '2017-08-18 16:26:52'),
(1703, 3, 221, 463, '6', NULL, NULL, '2017-08-18 16:26:52'),
(1704, 3, 222, 463, '1', NULL, NULL, '2017-08-18 16:26:52');

-- --------------------------------------------------------

--
-- Structure de la table `Colles_Crenau`
--

DROP TABLE IF EXISTS `Colles_Crenau`;
CREATE TABLE IF NOT EXISTS `Colles_Crenau` (
  `id_crenau` int(11) UNSIGNED NOT NULL,
  `idColloscope` int(11) UNSIGNED NOT NULL,
  `Jour` smallint(5) NOT NULL,
  `Debut` time NOT NULL,
  `Fin` time NOT NULL,
  `Lieu` varchar(45) COLLATE utf8_bin NOT NULL,
  `Intervenant` int(11) UNSIGNED NOT NULL,
  `Ligne` varchar(5) COLLATE utf8_bin DEFAULT NULL,
  `DerniereModification` timestamp NOT NULL DEFAULT CURRENT_TIMESTAMP ON UPDATE CURRENT_TIMESTAMP,
  PRIMARY KEY (`id_crenau`),
  KEY `fk_Crenau_Intervenant_idx` (`Intervenant`)
) ENGINE=InnoDB DEFAULT CHARSET=utf8 COLLATE=utf8_bin;

--
-- Contenu de la table `Colles_Crenau`
--

INSERT INTO `Colles_Crenau` (`id_crenau`, `idColloscope`, `Jour`, `Debut`, `Fin`, `Lieu`, `Intervenant`, `Ligne`, `DerniereModification`) VALUES
(429, 2, 1, '17:00:00', '18:00:00', 'S103', 13, '3', '2017-08-16 09:32:29'),
(430, 2, 1, '17:00:00', '18:00:00', 'T08', 12, '4', '2017-08-16 09:32:29'),
(431, 2, 1, '18:00:00', '19:00:00', 'S103', 13, '5', '2017-08-16 09:32:29'),
(432, 2, 1, '18:00:00', '19:00:00', 'T02', 1, '6', '2017-08-16 09:32:29'),
(433, 2, 2, '15:00:00', '16:00:00', 'L13', 14, '8', '2017-08-16 09:32:29'),
(434, 2, 2, '15:00:00', '16:00:00', 'S103', 8, '9', '2017-08-16 09:32:29'),
(435, 2, 2, '15:00:00', '16:00:00', 'T32', 15, '10', '2017-08-16 09:32:29'),
(436, 2, 2, '15:00:00', '16:00:00', 'S002', 2, '11', '2017-08-16 09:32:29'),
(437, 2, 2, '16:00:00', '17:00:00', 'L18', 16, '12', '2017-08-16 09:32:29'),
(438, 2, 2, '16:00:00', '17:00:00', 'L05', 17, '13', '2017-08-16 09:32:29'),
(439, 2, 2, '17:00:00', '18:00:00', 'T08', 18, '14', '2017-08-16 09:32:29'),
(440, 2, 2, '17:00:00', '18:00:00', 'S103', 10, '15', '2017-08-16 09:32:29'),
(441, 2, 2, '17:00:00', '18:00:00', 'T35', 19, '16', '2017-08-16 09:32:29'),
(442, 2, 2, '17:00:00', '18:00:00', 'L21', 3, '17', '2017-08-16 09:32:29'),
(443, 2, 2, '17:00:00', '18:00:00', 'S001', 20, '18', '2017-08-16 09:32:29'),
(444, 2, 2, '17:00:00', '19:00:00', 'T33', 21, '19', '2017-08-16 09:32:29'),
(445, 2, 2, '18:00:00', '19:00:00', 'S103', 10, '20', '2017-08-16 09:32:29'),
(446, 2, 3, '13:00:00', '14:00:00', 'T22', 22, '22', '2017-08-16 09:32:29'),
(447, 2, 3, '13:00:00', '14:00:00', 'T12', 2, '23', '2017-08-16 09:32:29'),
(448, 2, 4, '18:00:00', '19:00:00', 'T02', 23, '25', '2017-08-16 09:32:29'),
(449, 2, 4, '18:00:00', '19:00:00', 'S103', 22, '26', '2017-08-16 09:32:29'),
(450, 2, 4, '18:00:00', '19:00:00', 'T23', 24, '27', '2017-08-16 09:32:29'),
(451, 2, 5, '15:00:00', '16:00:00', 'T21', 25, '29', '2017-08-16 09:32:29'),
(452, 2, 5, '15:00:00', '16:00:00', 'T08', 3, '30', '2017-08-16 09:32:29'),
(453, 2, 5, '15:00:00', '16:00:00', 'T33', 9, '31', '2017-08-16 09:32:29'),
(454, 2, 5, '16:00:00', '17:00:00', 'L15', 27, '32', '2017-08-16 09:32:29'),
(455, 2, 5, '18:00:00', '19:00:00', 'S109', 28, '33', '2017-08-16 09:32:29'),
(456, 3, 1, '17:00:00', '18:00:00', 'S125', 10, '3', '2017-08-18 16:26:52'),
(457, 3, 1, '18:00:00', '19:00:00', 'S125', 10, '4', '2017-08-18 16:26:52'),
(458, 3, 2, '16:00:00', '17:00:00', 'L13', 14, '6', '2017-08-18 16:26:52'),
(459, 3, 2, '16:00:00', '17:00:00', 'S103', 8, '7', '2017-08-18 16:26:52'),
(460, 3, 3, '14:00:00', '15:00:00', 'T12', 2, '9', '2017-08-18 16:26:52'),
(461, 3, 5, '16:00:00', '17:00:00', 'T21', 25, '12', '2017-08-18 16:26:52'),
(462, 3, 5, '16:00:00', '17:00:00', 'T08', 3, '13', '2017-08-18 16:26:52'),
(463, 3, 5, '15:00:00', '16:00:00', 'L15', 27, '14', '2017-08-18 16:26:52');

-- --------------------------------------------------------

--
-- Doublure de structure pour la vue `colles_crenaucomplet`
-- (Voir ci-dessous la vue réelle)
--
DROP VIEW IF EXISTS `colles_crenaucomplet`;
CREATE TABLE IF NOT EXISTS `colles_crenaucomplet` (
`id_crenau` int(11) unsigned
,`id_intervenant` int(11) unsigned
,`Jour` smallint(5)
,`Debut` time
,`Fin` time
,`Lieu` varchar(45)
,`idColloscope` int(11) unsigned
,`Matiere` int(11) unsigned
);

-- --------------------------------------------------------

--
-- Structure de la table `Colles_Division`
--

DROP TABLE IF EXISTS `Colles_Division`;
CREATE TABLE IF NOT EXISTS `Colles_Division` (
  `id_division` int(11) UNSIGNED NOT NULL,
  `nom` varchar(10) NOT NULL,
  `id_parent` int(11) UNSIGNED DEFAULT NULL,
  `DerniereModification` timestamp NOT NULL DEFAULT CURRENT_TIMESTAMP ON UPDATE CURRENT_TIMESTAMP,
  PRIMARY KEY (`id_division`)
) ENGINE=InnoDB DEFAULT CHARSET=latin1;

--
-- Contenu de la table `Colles_Division`
--

INSERT INTO `Colles_Division` (`id_division`, `nom`, `id_parent`, `DerniereModification`) VALUES
(1, 'PC', NULL, '2017-08-04 18:07:49'),
(2, 'PC1', 1, '2017-08-04 18:07:49'),
(3, 'PC*', NULL, '2017-08-04 18:07:49'),
(4, 'PC2', 3, '2017-08-04 18:07:49'),
(5, 'MP', NULL, '2017-08-18 14:35:31'),
(6, 'MP*', NULL, '2017-08-18 14:35:31'),
(7, 'MP1', 5, '2017-08-18 14:35:54'),
(8, 'MP2', 6, '2017-08-18 14:36:00'),
(9, 'PSI*', NULL, '2017-08-18 14:35:31'),
(10, 'MPSI1', NULL, '2017-08-18 14:35:31'),
(11, 'MPSI2', NULL, '2017-08-18 14:35:31'),
(12, 'PCSI1', NULL, '2017-08-18 14:35:31'),
(13, 'PCSI2', NULL, '2017-08-18 14:35:31'),
(14, 'EC1', NULL, '2017-08-18 14:35:31'),
(15, 'EC2', NULL, '2017-08-18 14:35:54');

-- --------------------------------------------------------

--
-- Structure de la table `Colles_Groupement`
--

DROP TABLE IF EXISTS `Colles_Groupement`;
CREATE TABLE IF NOT EXISTS `Colles_Groupement` (
  `id_groupement` int(11) UNSIGNED NOT NULL,
  `idColloscope` int(11) UNSIGNED NOT NULL,
  `Groupe` varchar(2) CHARACTER SET utf8 NOT NULL,
  `Eleve` int(11) UNSIGNED NOT NULL,
  `DerniereModification` timestamp NOT NULL DEFAULT CURRENT_TIMESTAMP ON UPDATE CURRENT_TIMESTAMP,
  PRIMARY KEY (`id_groupement`),
  KEY `fk_Groupement_Eleve_idx` (`Eleve`)
) ENGINE=InnoDB DEFAULT CHARSET=utf8 COLLATE=utf8_bin;

--
-- Contenu de la table `Colles_Groupement`
--

INSERT INTO `Colles_Groupement` (`id_groupement`, `idColloscope`, `Groupe`, `Eleve`, `DerniereModification`) VALUES
(49, 2, '1', 79, '2017-08-16 09:08:57'),
(50, 2, '1', 80, '2017-08-16 09:08:57'),
(51, 2, '1', 81, '2017-08-16 09:08:57'),
(52, 2, '2', 82, '2017-08-16 09:08:57'),
(53, 2, '2', 83, '2017-08-16 09:08:57'),
(54, 2, '2', 84, '2017-08-16 09:08:57'),
(55, 2, '3', 85, '2017-08-16 09:08:57'),
(56, 2, '3', 86, '2017-08-16 09:08:57'),
(57, 2, '3', 87, '2017-08-16 09:08:57'),
(58, 2, '4', 88, '2017-08-16 09:08:57'),
(59, 2, '4', 89, '2017-08-16 09:08:57'),
(60, 2, '4', 90, '2017-08-16 09:08:57'),
(61, 2, '5', 91, '2017-08-16 09:08:57'),
(62, 2, '5', 92, '2017-08-16 09:08:57'),
(63, 2, '5', 93, '2017-08-16 09:08:57'),
(64, 2, 'a', 94, '2017-08-16 09:08:57'),
(65, 2, 'a', 95, '2017-08-16 09:08:57'),
(66, 2, 'a', 96, '2017-08-16 09:08:57'),
(67, 2, 'b', 97, '2017-08-16 09:08:57'),
(68, 2, 'b', 98, '2017-08-16 09:08:57'),
(69, 2, 'b', 99, '2017-08-16 09:08:57'),
(70, 2, 'c', 100, '2017-08-16 09:08:57'),
(71, 2, 'c', 101, '2017-08-16 09:08:57'),
(72, 2, 'c', 102, '2017-08-16 09:08:57'),
(73, 2, 'd', 103, '2017-08-16 09:08:57'),
(74, 2, 'd', 104, '2017-08-16 09:08:57'),
(75, 2, 'd', 105, '2017-08-16 09:08:57'),
(76, 2, 'e', 106, '2017-08-16 09:08:57'),
(77, 2, 'e', 107, '2017-08-16 09:08:57'),
(78, 2, 'e', 108, '2017-08-16 09:08:57'),
(79, 2, 'f', 109, '2017-08-16 09:08:57'),
(80, 2, 'f', 110, '2017-08-16 09:08:57'),
(81, 2, 'f', 111, '2017-08-16 09:08:57'),
(82, 3, '1', 112, '2017-08-18 16:32:04'),
(83, 3, '1', 113, '2017-08-18 16:32:04'),
(84, 3, '1', 114, '2017-08-18 16:32:04'),
(85, 3, '2', 115, '2017-08-18 16:32:04'),
(86, 3, '2', 116, '2017-08-18 16:32:04'),
(87, 3, '2', 117, '2017-08-18 16:32:04'),
(88, 3, '3', 118, '2017-08-18 16:32:04'),
(89, 3, '3', 119, '2017-08-18 16:32:04'),
(90, 3, '3', 120, '2017-08-18 16:32:04'),
(91, 3, '4', 121, '2017-08-18 16:32:04'),
(92, 3, '4', 122, '2017-08-18 16:32:04'),
(93, 3, '4', 123, '2017-08-18 16:32:04'),
(94, 3, '5', 124, '2017-08-18 16:32:04'),
(95, 3, '5', 125, '2017-08-18 16:32:04'),
(96, 3, '5', 126, '2017-08-18 16:32:04'),
(97, 3, '6', 127, '2017-08-18 16:32:04'),
(98, 3, '6', 128, '2017-08-18 16:32:04'),
(99, 3, '6', 129, '2017-08-18 16:32:04');

-- --------------------------------------------------------

--
-- Structure de la table `Colles_IdColloscope`
--

DROP TABLE IF EXISTS `Colles_IdColloscope`;
CREATE TABLE IF NOT EXISTS `Colles_IdColloscope` (
  `id` int(11) UNSIGNED NOT NULL AUTO_INCREMENT,
  `division` int(11) UNSIGNED NOT NULL,
  `annee` date NOT NULL,
  `DerniereModification` timestamp NOT NULL DEFAULT CURRENT_TIMESTAMP ON UPDATE CURRENT_TIMESTAMP,
  PRIMARY KEY (`id`),
  KEY `idx_anneeDivision` (`annee`,`division`)
) ENGINE=InnoDB AUTO_INCREMENT=4 DEFAULT CHARSET=utf8 COLLATE=utf8_bin;

--
-- Contenu de la table `Colles_IdColloscope`
--

INSERT INTO `Colles_IdColloscope` (`id`, `division`, `annee`, `DerniereModification`) VALUES
(1, 1, '2016-01-01', '2017-08-04 18:08:21'),
(2, 1, '2015-01-01', '2017-08-15 10:22:52'),
(3, 3, '2015-01-01', '2017-08-18 16:26:52');

-- --------------------------------------------------------

--
-- Structure de la table `Colles_Intervenant`
--

DROP TABLE IF EXISTS `Colles_Intervenant`;
CREATE TABLE IF NOT EXISTS `Colles_Intervenant` (
  `id_intervenant` int(11) UNSIGNED NOT NULL,
  `Personne` int(11) UNSIGNED NOT NULL,
  `Matiere` int(11) UNSIGNED NOT NULL,
  `DerniereModification` timestamp NOT NULL DEFAULT CURRENT_TIMESTAMP ON UPDATE CURRENT_TIMESTAMP,
  PRIMARY KEY (`id_intervenant`),
  KEY `fk_Intervenant_Personne_idx` (`Personne`)
) ENGINE=InnoDB DEFAULT CHARSET=latin1;

--
-- Contenu de la table `Colles_Intervenant`
--

INSERT INTO `Colles_Intervenant` (`id_intervenant`, `Personne`, `Matiere`, `DerniereModification`) VALUES
(1, 2, 1, '2017-03-16 13:25:57'),
(2, 3, 2, '2017-03-16 13:27:04'),
(3, 1, 1, '2017-03-16 13:27:04'),
(8, 60, 2, '2017-08-08 09:01:18'),
(9, 61, 2, '2017-08-08 09:01:18'),
(10, 64, 3, '2017-08-08 09:01:18'),
(12, 75, 1, '2017-08-08 09:02:31'),
(13, 67, 3, '2017-08-08 09:02:31'),
(14, 71, 4, '2017-08-08 09:02:31'),
(15, 72, 2, '2017-08-08 09:02:31'),
(16, 62, 4, '2017-08-08 09:03:23'),
(17, 65, 4, '2017-08-08 09:03:23'),
(18, 63, 5, '2017-08-08 09:03:23'),
(19, 69, 1, '2017-08-08 09:03:23'),
(20, 77, 2, '2017-09-02 07:34:47'),
(21, 59, 6, '2017-08-08 09:05:10'),
(22, 70, 3, '2017-08-08 09:04:59'),
(23, 73, 5, '2017-08-08 09:04:59'),
(24, 76, 3, '2017-08-08 09:05:49'),
(25, 68, 1, '2017-08-08 09:05:49'),
(27, 66, 4, '2017-08-08 09:05:49'),
(28, 74, 3, '2017-08-08 09:06:05');

-- --------------------------------------------------------

--
-- Structure de la table `Colles_Log`
--

DROP TABLE IF EXISTS `Colles_Log`;
CREATE TABLE IF NOT EXISTS `Colles_Log` (
  `id_log` mediumint(8) UNSIGNED NOT NULL AUTO_INCREMENT,
  `Personne` smallint(5) UNSIGNED NOT NULL,
  `Instant` timestamp NOT NULL DEFAULT CURRENT_TIMESTAMP,
  `Action` enum('login','logout','destroy','clean','wrongPass','unknownUser','error_1') NOT NULL,
  PRIMARY KEY (`id_log`),
  KEY `Instant` (`Instant`)
) ENGINE=MyISAM AUTO_INCREMENT=13270 DEFAULT CHARSET=latin1;

--
-- Contenu de la table `Colles_Log`
--

INSERT INTO `Colles_Log` (`id_log`, `Personne`, `Instant`, `Action`) VALUES
(13269, 1, '2017-09-02 13:05:20', 'logout');

-- --------------------------------------------------------

--
-- Structure de la table `Colles_Matiere`
--

DROP TABLE IF EXISTS `Colles_Matiere`;
CREATE TABLE IF NOT EXISTS `Colles_Matiere` (
  `id_matiere` int(11) UNSIGNED NOT NULL,
  `Nom` varchar(45) CHARACTER SET utf8 COLLATE utf8_bin NOT NULL,
  `DerniereModification` timestamp NOT NULL DEFAULT CURRENT_TIMESTAMP ON UPDATE CURRENT_TIMESTAMP,
  PRIMARY KEY (`id_matiere`)
) ENGINE=InnoDB DEFAULT CHARSET=latin1;

--
-- Contenu de la table `Colles_Matiere`
--

INSERT INTO `Colles_Matiere` (`id_matiere`, `Nom`, `DerniereModification`) VALUES
(1, 'Maths', '2017-03-16 13:03:16'),
(2, 'Physique', '2017-03-16 13:03:16'),
(3, 'Chimie', '2017-03-16 13:04:18'),
(4, 'Anglais', '2017-03-16 13:04:18'),
(5, 'Allemand', '2017-03-16 13:04:49'),
(6, 'Français', '2017-08-15 09:40:49');

-- --------------------------------------------------------

--
-- Structure de la table `Colles_Note`
--

DROP TABLE IF EXISTS `Colles_Note`;
CREATE TABLE IF NOT EXISTS `Colles_Note` (
  `id_note` int(11) UNSIGNED NOT NULL AUTO_INCREMENT,
  `idColloscope` int(11) UNSIGNED NOT NULL,
  `Valeur` decimal(3,1) DEFAULT NULL,
  `Colle` int(11) UNSIGNED NOT NULL,
  `Groupement` int(11) UNSIGNED NOT NULL,
  `DerniereModification` timestamp NOT NULL DEFAULT CURRENT_TIMESTAMP ON UPDATE CURRENT_TIMESTAMP,
  PRIMARY KEY (`id_note`),
  KEY `fk_Note_Colle_idx` (`Colle`),
  KEY `fk_Note_Groupement_idx` (`Groupement`)
) ENGINE=InnoDB AUTO_INCREMENT=61 DEFAULT CHARSET=utf8 COLLATE=utf8_bin;

--
-- Contenu de la table `Colles_Note`
--

INSERT INTO `Colles_Note` (`id_note`, `idColloscope`, `Valeur`, `Colle`, `Groupement`, `DerniereModification`) VALUES
(2, 2, '12.8', 1634, 50, '2017-08-16 15:17:29'),
(3, 2, '16.0', 1530, 55, '2017-08-21 09:01:01'),
(4, 3, '13.0', 1697, 88, '2017-08-21 09:01:01'),
(5, 2, '15.0', 1531, 70, '2017-08-21 09:01:01'),
(6, 2, '12.0', 1633, 68, '2017-08-21 09:01:01'),
(7, 3, '11.0', 1698, 91, '2017-08-21 09:01:01'),
(8, 3, '14.0', 1698, 93, '2017-08-21 09:01:01'),
(9, 3, '18.0', 1698, 92, '2017-08-21 09:01:01'),
(10, 2, '11.0', 1569, 55, '2017-08-21 09:16:19'),
(11, 2, '8.0', 1569, 56, '2017-08-21 09:16:19'),
(12, 2, '14.0', 1569, 57, '2017-08-21 09:16:19'),
(13, 2, '12.0', 1598, 58, '2017-08-21 09:16:19'),
(14, 2, '9.0', 1598, 59, '2017-08-21 09:16:19'),
(15, 2, '18.0', 1598, 60, '2017-08-21 09:16:19'),
(16, 2, '12.7', 1530, 56, '2017-08-21 09:30:46'),
(17, 2, '11.0', 1530, 57, '2017-08-21 09:30:46'),
(18, 3, '15.0', 1697, 90, '2017-08-31 14:35:45'),
(19, 2, '18.5', 1532, 58, '2017-08-31 14:54:59'),
(20, 2, '-1.0', 1532, 59, '2017-08-31 14:55:15'),
(21, 3, '-1.0', 1697, 89, '2017-08-31 15:21:46'),
(22, 2, '12.0', 1531, 72, '2017-08-31 15:21:46'),
(23, 2, '9.0', 1531, 71, '2017-08-31 15:21:46'),
(24, 2, '13.0', 1633, 67, '2017-08-31 15:21:46'),
(25, 2, '-2.0', 1633, 69, '2017-08-31 15:22:06'),
(26, 2, '12.0', 1532, 60, '2017-08-31 15:21:46'),
(27, 2, '9.0', 1634, 49, '2017-08-31 15:21:46'),
(28, 2, '19.0', 1634, 51, '2017-08-31 15:21:46'),
(29, 2, '10.0', 1519, 58, '2017-08-31 15:22:44'),
(30, 2, '19.0', 1519, 59, '2017-08-31 15:22:44'),
(31, 2, '5.0', 1519, 60, '2017-08-31 15:22:44'),
(32, 2, '7.0', 1520, 73, '2017-08-31 15:22:44'),
(33, 2, '11.0', 1520, 74, '2017-08-31 15:22:44'),
(34, 2, '12.0', 1520, 75, '2017-08-31 15:22:44'),
(35, 2, '5.0', 1622, 61, '2017-08-31 15:23:09'),
(36, 2, '17.0', 1622, 62, '2017-08-31 15:23:09'),
(37, 2, '12.0', 1622, 63, '2017-08-31 15:23:09'),
(38, 2, '12.0', 1623, 65, '2017-08-31 15:23:09'),
(39, 2, '9.0', 1623, 64, '2017-08-31 15:23:09'),
(40, 2, '11.0', 1623, 66, '2017-08-31 15:23:09'),
(41, 2, '10.0', 1410, 49, '2017-08-31 15:24:04'),
(42, 2, '11.0', 1410, 50, '2017-08-31 15:24:04'),
(43, 2, '7.0', 1410, 51, '2017-08-31 15:24:04'),
(44, 2, '12.0', 1411, 77, '2017-08-31 15:24:04'),
(45, 2, '15.0', 1411, 78, '2017-08-31 15:24:04'),
(46, 2, '4.0', 1411, 76, '2017-08-31 15:24:04'),
(47, 2, '9.0', 1412, 52, '2017-08-31 15:24:04'),
(48, 2, '13.0', 1412, 53, '2017-08-31 15:24:04'),
(49, 2, '20.0', 1412, 54, '2017-08-31 15:24:04'),
(50, 2, '9.0', 1427, 52, '2017-08-31 15:27:37'),
(51, 2, '15.0', 1427, 53, '2017-08-31 15:27:37'),
(52, 2, '11.0', 1427, 54, '2017-08-31 15:27:37'),
(53, 2, '13.0', 1428, 81, '2017-08-31 15:27:37'),
(54, 2, '15.0', 1428, 79, '2017-08-31 15:27:37'),
(55, 2, '12.0', 1428, 80, '2017-08-31 15:27:37'),
(56, 2, '10.5', 1429, 55, '2017-08-31 15:27:37'),
(57, 2, '7.5', 1429, 56, '2017-08-31 15:27:37'),
(58, 2, '14.5', 1429, 57, '2017-08-31 15:27:37'),
(59, 3, '-3.0', 1699, 94, '2017-09-02 09:09:38'),
(60, 3, '12.0', 1693, 84, '2017-09-02 09:32:22');

-- --------------------------------------------------------

--
-- Structure de la table `Colles_Personne`
--

DROP TABLE IF EXISTS `Colles_Personne`;
CREATE TABLE IF NOT EXISTS `Colles_Personne` (
  `id_personne` int(11) UNSIGNED NOT NULL,
  `Nom` varchar(45) NOT NULL,
  `Prenom` varchar(45) CHARACTER SET utf8 NOT NULL,
  `Civilite` enum('M.','Mme.','Mlle.') DEFAULT NULL,
  `Mail` varchar(45) NOT NULL,
  `NomDUtilisateur` varchar(45) NOT NULL,
  `MotDePasse` varchar(255) DEFAULT NULL,
  `Type-old` enum('eleve','prof','admin') NOT NULL,
  `Nature` bigint(20) NOT NULL,
  `DerniereModification` timestamp NOT NULL DEFAULT CURRENT_TIMESTAMP ON UPDATE CURRENT_TIMESTAMP,
  PRIMARY KEY (`id_personne`,`NomDUtilisateur`),
  KEY `idx_personne_nom` (`Nom`),
  KEY `idx_personne_nomUtilsateur` (`NomDUtilisateur`),
  KEY `idx_nomPrenom` (`Nom`,`Prenom`)
) ENGINE=InnoDB DEFAULT CHARSET=latin1;

--
-- Contenu de la table `Colles_Personne`
--

INSERT INTO `Colles_Personne` (`id_personne`, `Nom`, `Prenom`, `Civilite`, `Mail`, `NomDUtilisateur`, `MotDePasse`, `Type-old`, `Nature`, `DerniereModification`) VALUES
(1, 'STENGEL', 'Frank', 'M.', 'pc@stengel.fr', 'fstengel', '', 'eleve', 262, '2017-08-22 17:10:05'),
(2, 'COUCHOURON', 'Jean-Francois', 'M.', '', 'jcouchouron', '', 'eleve', 2, '2017-08-22 17:10:05'),
(3, 'RIGAUT', 'Mattieu', 'M.', '', 'mrigaut', '', 'eleve', 6, '2017-08-22 17:10:05'),
(59, 'ARNOULD', 'Marie', 'Mme.', '', 'marnould', NULL, 'eleve', 2, '2017-08-22 17:10:05'),
(60, 'BAUMANN', 'Jérome', 'M.', '', 'jbaumann', NULL, 'eleve', 2, '2017-08-22 17:10:05'),
(61, 'BERTANIOLIO', 'Marion', 'Mme.', '', 'mbertaniolio', NULL, 'eleve', 2, '2017-08-22 17:10:05'),
(62, 'CARME', 'Marie', 'Mme.', '', 'mcarme', NULL, 'eleve', 2, '2017-08-22 17:10:05'),
(63, 'CHAUVEY', 'Anne', 'Mme.', '', 'achauvey', NULL, 'eleve', 2, '2017-08-22 17:10:05'),
(64, 'CURK', 'Anne', 'Mme.', '', 'acurk', NULL, 'eleve', 2, '2017-08-22 17:10:05'),
(65, 'DESSAUGER', 'Julie', 'Mme.', '', 'jdessauger', NULL, 'eleve', 2, '2017-08-22 17:10:05'),
(66, 'DVORSAK', 'Elodie', 'Mme.', '', 'edvorsak', NULL, 'eleve', 2, '2017-08-22 17:10:05'),
(67, 'FAYNOT', 'Philippe', 'M.', '', 'pfaynot', NULL, 'eleve', 2, '2017-08-22 17:10:05'),
(68, 'GIRAULT', 'Pascal', 'M.', '', 'pgirault', NULL, 'eleve', 2, '2017-08-22 17:10:05'),
(69, 'LEGUIL', 'Emmanuel', 'M.', '', 'eleguil', NULL, 'eleve', 2, '2017-08-22 17:10:05'),
(70, 'LOQUAIS', 'Yohan', 'M.', '', 'yloquais', '', 'eleve', 6, '2017-08-22 17:10:05'),
(71, 'MARTIN', 'Isabelle', 'Mme.', '', 'imartin', '', 'eleve', 6, '2017-08-22 17:10:05'),
(72, 'MENGEL', 'Daniel', 'M.', '', 'dmengel', NULL, 'eleve', 2, '2017-08-22 17:10:05'),
(73, 'OLIER', 'France', 'Mme.', '', 'folier', '', 'eleve', 6, '2017-08-22 17:10:05'),
(74, 'RAMIREZ', 'Olivier', 'M.', '', 'oramirez', NULL, 'eleve', 2, '2017-08-22 17:10:05'),
(75, 'THOUVENEL', 'Herve', 'M.', '', 'hthouvenel', NULL, 'eleve', 2, '2017-08-22 17:10:05'),
(76, 'WILLAY', 'Caroline', 'Mme.', '', 'cwillay', NULL, 'eleve', 2, '2017-08-22 17:10:58'),
(77, 'WIPF', 'Nicolas', 'M.', '', 'nwipf', NULL, 'eleve', 2, '2017-08-22 17:10:05'),
(78, 'DOSSMANN', 'Didier', 'M.', '', 'ddossmann', '', 'eleve', 4, '2017-08-22 17:10:05'),
(79, 'CHAMBRIER', 'Alice', NULL, '', 'achambrier', NULL, 'eleve', 1, '2017-08-08 09:14:53'),
(80, 'ELGATO', 'Jordan', NULL, '', 'jelgato', NULL, 'eleve', 1, '2017-08-08 09:14:53'),
(81, 'NIVERT', 'Valentin', NULL, '', 'vnivert', NULL, 'eleve', 1, '2017-08-08 09:14:53'),
(82, 'ARTHAUD', 'Claire', NULL, '', 'carthaud', NULL, 'eleve', 1, '2017-08-08 09:14:53'),
(83, 'LOYON', 'Alexandre', NULL, '', 'aloyon', NULL, 'eleve', 1, '2017-08-08 09:14:53'),
(84, 'ROUSSEL', 'Clemence', NULL, '', 'croussel', NULL, 'eleve', 1, '2017-08-08 09:14:53'),
(85, 'BASMONT', 'Charles', NULL, '', 'cbasmont', NULL, 'eleve', 1, '2017-08-08 09:14:53'),
(86, 'LOUVERT', 'Marie', NULL, '', 'mlouvert', NULL, 'eleve', 1, '2017-08-08 09:14:53'),
(87, 'PADRIER', 'Elise', NULL, '', 'epadrier', NULL, 'eleve', 1, '2017-08-08 09:14:53'),
(88, 'MARLIN', 'Frederic', NULL, '', 'fmarlin', NULL, 'eleve', 1, '2017-08-08 09:14:53'),
(89, 'NACIRI', 'Kevin', NULL, '', 'knaciri', NULL, 'eleve', 1, '2017-08-08 09:14:53'),
(90, 'WOLFF', 'Corentin', NULL, '', 'cwolff', NULL, 'eleve', 1, '2017-08-08 09:14:53'),
(91, 'DUCERF', 'Marie', NULL, '', 'mducerf', NULL, 'eleve', 1, '2017-08-08 09:14:53'),
(92, 'HAMDAOUI', 'Abdel', NULL, '', 'ahamdaoui', NULL, 'eleve', 1, '2017-08-08 09:14:53'),
(93, 'YUN', 'Yannick', NULL, '', 'yyun', NULL, 'eleve', 1, '2017-08-08 09:14:53'),
(94, 'GALLOIS', 'Maxime', NULL, '', 'mgallois', NULL, 'eleve', 1, '2017-08-08 09:14:53'),
(95, 'FOURNIER', 'Nicolas', NULL, '', 'nfournier', NULL, 'eleve', 1, '2017-08-08 09:14:53'),
(96, 'PERRIN', 'Cédric', NULL, '', 'cperrin', NULL, 'eleve', 1, '2017-08-08 09:14:53'),
(97, 'LANCERF', 'Benoit', NULL, '', 'blancerf', NULL, 'eleve', 1, '2017-08-08 09:14:53'),
(98, 'MATTERAZZI', 'Julian', NULL, '', 'jmatterazzi', NULL, 'eleve', 1, '2017-08-08 09:14:53'),
(99, 'MEYER', 'Jules', NULL, '', 'jmeyer', NULL, 'eleve', 1, '2017-08-08 09:14:53'),
(100, 'FARMER', 'Jordan', NULL, '', 'jfarmer', NULL, 'eleve', 1, '2017-08-08 09:14:53'),
(101, 'MUND', 'Fabrice', NULL, '', 'fmund', NULL, 'eleve', 1, '2017-08-08 09:14:53'),
(102, 'BITER', 'Roxane', NULL, '', 'rbiter', NULL, 'eleve', 1, '2017-08-08 09:14:53'),
(103, 'BAZIN', 'Clarisse', NULL, '', 'cbazin', NULL, 'eleve', 1, '2017-08-08 09:14:53'),
(104, 'BORT', 'Charlotte', NULL, '', 'cbort', NULL, 'eleve', 1, '2017-08-08 09:14:53'),
(105, 'GLACET', 'Vincent', NULL, '', 'vglacet', NULL, 'eleve', 1, '2017-08-08 09:14:53'),
(106, 'TOUROIS', 'Hugo', NULL, '', 'htourois', NULL, 'eleve', 1, '2017-08-08 09:14:53'),
(107, 'COURANT', 'Adrien', NULL, '', 'acourant', NULL, 'eleve', 1, '2017-08-08 09:14:53'),
(108, 'SIMENON', 'Tom', NULL, '', 'tsimenon', NULL, 'eleve', 1, '2017-08-08 09:14:53'),
(109, 'CESARO', 'Carolina', NULL, '', 'ccesaro', NULL, 'eleve', 1, '2017-08-08 09:14:54'),
(110, 'GERVAIS', 'Léa', NULL, '', 'lgervais', NULL, 'eleve', 1, '2017-08-08 09:14:54'),
(111, 'ALVAREZ', 'Theo', NULL, '', 'talvarez', NULL, 'eleve', 1, '2017-08-08 09:14:54'),
(112, 'ALMAJID', 'Walid', NULL, '', 'walmajid', NULL, 'eleve', 1, '2017-08-18 16:31:24'),
(113, 'COSSARD', 'Florent', NULL, '', 'fcossard', NULL, 'eleve', 1, '2017-08-18 16:31:24'),
(114, 'COMEL', 'Sophie', NULL, '', 'scomel', NULL, 'eleve', 1, '2017-08-18 16:31:24'),
(115, 'DAYAN', 'Valentin', NULL, '', 'vdayan', NULL, 'eleve', 1, '2017-08-18 16:31:24'),
(116, 'DESMET', 'Charline', NULL, '', 'cdesmet', NULL, 'eleve', 1, '2017-08-18 16:31:24'),
(117, 'GOETZ', 'Martin', NULL, '', 'mgoetz', NULL, 'eleve', 1, '2017-08-18 16:31:24'),
(118, 'GASPARD', 'Raphael', NULL, '', 'rgaspard', NULL, 'eleve', 1, '2017-08-18 16:31:24'),
(119, 'JOB', 'Charles', NULL, '', 'cjob', NULL, 'eleve', 1, '2017-08-18 16:31:24'),
(120, 'CHARLES', 'Jacques', NULL, '', 'jcharles', NULL, 'eleve', 1, '2017-08-18 16:31:24'),
(121, 'LOYAL', 'Rémi', NULL, '', 'rloyal', NULL, 'eleve', 1, '2017-08-18 16:31:24'),
(122, 'MESTRATI', 'Alain', NULL, '', 'amestrati', NULL, 'eleve', 1, '2017-08-18 16:31:24'),
(123, 'MARTIN', 'Alix', NULL, '', 'amartin', NULL, 'eleve', 1, '2017-08-18 16:31:24'),
(124, 'MOREL', 'Claire', NULL, '', 'cmorel', NULL, 'eleve', 1, '2017-08-18 16:31:24'),
(125, 'MEYER', 'Florent', NULL, '', 'fmeyer', NULL, 'eleve', 1, '2017-08-18 16:31:24'),
(126, 'NGOTO', 'Dylan', NULL, '', 'dngoto', NULL, 'eleve', 1, '2017-08-18 16:31:24'),
(127, 'OBERMANN', 'Jeanne', NULL, '', 'jobermann', NULL, 'eleve', 1, '2017-08-18 16:31:24'),
(128, 'OSTER', 'Camille', NULL, '', 'coster', NULL, 'eleve', 1, '2017-08-18 16:31:24'),
(129, 'RIETZ', 'Vincent', NULL, '', 'vrietz', NULL, 'eleve', 1, '2017-08-18 16:31:24');

-- --------------------------------------------------------

--
-- Structure de la table `Colles_Responsable`
--

DROP TABLE IF EXISTS `Colles_Responsable`;
CREATE TABLE IF NOT EXISTS `Colles_Responsable` (
  `id_responsable` int(11) UNSIGNED NOT NULL,
  `Division` int(11) NOT NULL,
  `Personne` int(11) UNSIGNED NOT NULL,
  `Matiere` int(11) UNSIGNED NOT NULL,
  `DerniereModification` timestamp NOT NULL DEFAULT CURRENT_TIMESTAMP ON UPDATE CURRENT_TIMESTAMP,
  PRIMARY KEY (`id_responsable`),
  KEY `fk_Responsable_Personne_idx` (`Personne`)
) ENGINE=InnoDB DEFAULT CHARSET=latin1;

--
-- Contenu de la table `Colles_Responsable`
--

INSERT INTO `Colles_Responsable` (`id_responsable`, `Division`, `Personne`, `Matiere`, `DerniereModification`) VALUES
(1, 1, 1, 1, '2017-08-17 08:40:40'),
(2, 1, 3, 2, '2017-08-17 08:40:40'),
(3, 1, 70, 3, '2017-08-17 08:40:40'),
(4, 1, 71, 4, '2017-08-17 08:40:40'),
(5, 1, 73, 5, '2017-08-17 08:40:40'),
(6, 0, 78, 6, '2017-08-08 09:10:52'),
(11, 3, 71, 4, '2017-08-17 09:31:40'),
(12, 3, 73, 5, '2017-08-17 09:32:13'),
(13, 1, 78, 6, '2017-08-17 09:32:26');

-- --------------------------------------------------------

--
-- Structure de la table `Colles_Semaine`
--

DROP TABLE IF EXISTS `Colles_Semaine`;
CREATE TABLE IF NOT EXISTS `Colles_Semaine` (
  `id_semaine` int(11) UNSIGNED NOT NULL AUTO_INCREMENT,
  `Annee` date NOT NULL,
  `Nom` varchar(10) CHARACTER SET utf8 NOT NULL,
  `Debut` date NOT NULL,
  `Fin` date NOT NULL,
  `Colonne` varchar(5) COLLATE utf8_bin DEFAULT NULL,
  `DerniereModification` timestamp NOT NULL DEFAULT CURRENT_TIMESTAMP ON UPDATE CURRENT_TIMESTAMP,
  PRIMARY KEY (`id_semaine`)
) ENGINE=InnoDB AUTO_INCREMENT=243 DEFAULT CHARSET=utf8 COLLATE=utf8_bin;

--
-- Contenu de la table `Colles_Semaine`
--

INSERT INTO `Colles_Semaine` (`id_semaine`, `Annee`, `Nom`, `Debut`, `Fin`, `Colonne`, `DerniereModification`) VALUES
(219, '2015-01-01', '1', '2015-09-14', '2015-09-18', '5', '2017-08-16 09:32:12'),
(220, '2015-01-01', '2', '2015-09-21', '2015-09-25', '6', '2017-08-16 09:32:12'),
(221, '2015-01-01', '3', '2015-09-28', '2015-10-02', '7', '2017-08-16 09:32:12'),
(222, '2015-01-01', '4', '2015-10-05', '2015-10-09', '8', '2017-08-16 09:32:12'),
(223, '2015-01-01', '5', '2015-10-12', '2015-10-16', '9', '2017-08-16 09:32:12'),
(224, '2015-01-01', '6', '2015-11-02', '2015-11-06', '10', '2017-08-16 09:32:12'),
(225, '2015-01-01', '7', '2015-11-09', '2015-11-13', '11', '2017-08-16 09:32:12'),
(226, '2015-01-01', '8', '2015-11-16', '2015-11-20', '12', '2017-08-16 09:32:12'),
(227, '2015-01-01', '9', '2015-11-23', '2015-11-27', '13', '2017-08-16 09:32:12'),
(228, '2015-01-01', '10', '2015-11-30', '2015-12-04', '14', '2017-08-16 09:32:12'),
(229, '2015-01-01', '11', '2015-12-07', '2015-12-11', '15', '2017-08-16 09:32:12'),
(230, '2015-01-01', '12', '2015-12-14', '2015-12-18', '16', '2017-08-16 09:32:12'),
(231, '2015-01-01', '13', '2016-01-04', '2016-01-08', '17', '2017-08-16 09:32:12'),
(232, '2015-01-01', '14', '2016-01-11', '2016-01-15', '18', '2017-08-16 09:32:12'),
(233, '2015-01-01', '15', '2016-01-18', '2016-01-22', '19', '2017-08-16 09:32:12'),
(234, '2015-01-01', '16', '2016-01-25', '2016-01-29', '20', '2017-08-16 09:32:12'),
(235, '2015-01-01', '17', '2016-02-01', '2016-02-05', '21', '2017-08-16 09:32:12'),
(236, '2015-01-01', '18', '2016-02-22', '2016-02-26', '22', '2017-08-16 09:32:12'),
(237, '2015-01-01', '19', '2016-02-29', '2016-03-04', '23', '2017-08-16 09:32:12'),
(238, '2015-01-01', '20', '2016-03-07', '2016-03-11', '24', '2017-08-16 09:32:12'),
(239, '2015-01-01', '21', '2016-03-14', '2016-03-18', '25', '2017-08-16 09:32:12'),
(240, '2015-01-01', '22', '2016-03-21', '2016-03-25', '26', '2017-08-16 09:32:12'),
(241, '2015-01-01', '23', '2016-03-28', '2016-04-01', '27', '2017-08-16 09:32:12'),
(242, '2015-01-01', '24', '2016-04-04', '2016-04-08', '28', '2017-08-16 09:32:12');

-- --------------------------------------------------------

--
-- Structure de la table `Colles_Session`
--

DROP TABLE IF EXISTS `Colles_Session`;
CREATE TABLE IF NOT EXISTS `Colles_Session` (
  `id_session` varchar(40) NOT NULL,
  `Personne` int(11) UNSIGNED NOT NULL,
  `Fin` decimal(10,0) UNSIGNED NOT NULL DEFAULT '0',
  PRIMARY KEY (`id_session`,`Personne`),
  KEY `fk_Colles_Session_Personne_idx` (`Personne`)
) ENGINE=InnoDB DEFAULT CHARSET=latin1;

-- --------------------------------------------------------

--
-- Structure de la vue `colles_classe`
--
DROP TABLE IF EXISTS `colles_classe`;

CREATE ALGORITHM=UNDEFINED DEFINER=`root`@`localhost` SQL SECURITY DEFINER VIEW `colles_classe`  AS  (select `G`.`Eleve` AS `Eleve`,`P`.`Nom` AS `Nom`,`P`.`Prenom` AS `Prenom`,`G`.`Groupe` AS `Groupe`,`G`.`id_groupement` AS `Groupement`,`G`.`idColloscope` AS `idColloscope` from (`colles_personne` `P` join `colles_groupement` `G` on((`P`.`id_personne` = `G`.`Eleve`)))) ;

-- --------------------------------------------------------

--
-- Structure de la vue `colles_crenaucomplet`
--
DROP TABLE IF EXISTS `colles_crenaucomplet`;

CREATE ALGORITHM=UNDEFINED DEFINER=`root`@`localhost` SQL SECURITY DEFINER VIEW `colles_crenaucomplet`  AS  select `C`.`id_crenau` AS `id_crenau`,`I`.`id_intervenant` AS `id_intervenant`,`C`.`Jour` AS `Jour`,`C`.`Debut` AS `Debut`,`C`.`Fin` AS `Fin`,`C`.`Lieu` AS `Lieu`,`C`.`idColloscope` AS `idColloscope`,`I`.`Matiere` AS `Matiere` from (`colles_crenau` `C` join `colles_intervenant` `I` on((`C`.`Intervenant` = `I`.`id_intervenant`))) ;

--
-- Contraintes pour les tables exportées
--

--
-- Contraintes pour la table `Colles_Colle`
--
ALTER TABLE `Colles_Colle`
  ADD CONSTRAINT `fk_Colle_Crenau` FOREIGN KEY (`Crenau`) REFERENCES `Colles_Crenau` (`id_crenau`) ON DELETE NO ACTION ON UPDATE NO ACTION,
  ADD CONSTRAINT `fk_Colle_Semaine` FOREIGN KEY (`Semaine`) REFERENCES `Colles_Semaine` (`id_semaine`) ON DELETE NO ACTION ON UPDATE NO ACTION;

--
-- Contraintes pour la table `Colles_Crenau`
--
ALTER TABLE `Colles_Crenau`
  ADD CONSTRAINT `fk_Colles_Crenau_Intervenant` FOREIGN KEY (`Intervenant`) REFERENCES `Colles_Intervenant` (`id_intervenant`) ON DELETE NO ACTION ON UPDATE NO ACTION;

--
-- Contraintes pour la table `Colles_Groupement`
--
ALTER TABLE `Colles_Groupement`
  ADD CONSTRAINT `fk_Groupement_Eleve` FOREIGN KEY (`Eleve`) REFERENCES `Colles_Personne` (`id_personne`) ON DELETE NO ACTION ON UPDATE NO ACTION;

--
-- Contraintes pour la table `Colles_Intervenant`
--
ALTER TABLE `Colles_Intervenant`
  ADD CONSTRAINT `fk_Colles_Intervenant_Personne` FOREIGN KEY (`Personne`) REFERENCES `Colles_Personne` (`id_personne`) ON DELETE NO ACTION ON UPDATE NO ACTION;

--
-- Contraintes pour la table `Colles_Note`
--
ALTER TABLE `Colles_Note`
  ADD CONSTRAINT `fk_Note_Colle` FOREIGN KEY (`Colle`) REFERENCES `Colles_Colle` (`id_colle`) ON DELETE NO ACTION ON UPDATE NO ACTION,
  ADD CONSTRAINT `fk_Note_Groupement` FOREIGN KEY (`Groupement`) REFERENCES `Colles_Groupement` (`id_groupement`) ON DELETE NO ACTION ON UPDATE NO ACTION;

--
-- Contraintes pour la table `Colles_Responsable`
--
ALTER TABLE `Colles_Responsable`
  ADD CONSTRAINT `fk_Responsable_Personne` FOREIGN KEY (`Personne`) REFERENCES `Colles_Personne` (`id_personne`) ON DELETE NO ACTION ON UPDATE NO ACTION;

--
-- Contraintes pour la table `Colles_Session`
--
ALTER TABLE `Colles_Session`
  ADD CONSTRAINT `fk_Colles_Session_Personne` FOREIGN KEY (`Personne`) REFERENCES `Colles_Personne` (`id_personne`) ON DELETE NO ACTION ON UPDATE NO ACTION;
